[{"__symbolic":"module","version":3,"metadata":{"DateModel":{"__symbolic":"class","members":{"__ctor__":[{"__symbolic":"constructor","parameters":[{"__symbolic":"error","message":"Could not resolve type","line":31,"character":20,"context":{"typeName":"IDateModel"}}]}]}},"DatePickerOptions":{"__symbolic":"class","members":{"__ctor__":[{"__symbolic":"constructor","parameters":[{"__symbolic":"error","message":"Could not resolve type","line":67,"character":20,"context":{"typeName":"IDatePickerOptions"}}]}]}},"CALENDAR_VALUE_ACCESSOR":{"provide":{"__symbolic":"reference","module":"@angular/forms","name":"NG_VALUE_ACCESSOR"},"useExisting":{"__symbolic":"reference","name":"DatePickerComponent"},"multi":true},"DatePickerComponent":{"__symbolic":"class","decorators":[{"__symbolic":"call","expression":{"__symbolic":"reference","module":"@angular/core","name":"Component"},"arguments":[{"selector":"ng2-datepicker","template":"<div class=\"datepicker-container u-is-unselectable\"><div class=\"datepicker-input-container\"><input class=\"datepicker-input\" [(ngModel)]=\"date.formatted\"><div class=\"datepicker-input-icon\" (click)=\"toggle()\"><i><svg width=\"58px\" height=\"58px\" viewBox=\"0 0 58 58\" version=\"1.1\"><g id=\"calendar\" stroke=\"none\" stroke-width=\"1\" fill=\"none\" fill-rule=\"evenodd\"><g id=\"Group\" fill-rule=\"nonzero\" fill=\"#000000\"><path d=\"M42.899,4.5 C42.434,2.221 40.415,0.5 38,0.5 C37.447,0.5 37,0.947 37,1.5 C37,2.053 37.447,2.5 38,2.5 C39.654,2.5 41,3.846 41,5.5 C41,7.154 39.654,8.5 38,8.5 C37.447,8.5 37,8.947 37,9.5 C37,10.053 37.447,10.5 38,10.5 C40.414,10.5 42.434,8.779 42.899,6.5 L56,6.5 L56,15.5 L2,15.5 L2,6.5 L16,6.5 L19,6.5 C19.553,6.5 20,6.053 20,5.5 C20,4.947 19.553,4.5 19,4.5 L17.184,4.5 C17.598,3.338 18.698,2.5 20,2.5 C21.654,2.5 23,3.846 23,5.5 C23,7.154 21.654,8.5 20,8.5 C19.447,8.5 19,8.947 19,9.5 C19,10.053 19.447,10.5 20,10.5 C22.757,10.5 25,8.257 25,5.5 C25,2.743 22.757,0.5 20,0.5 C17.586,0.5 15.566,2.221 15.101,4.5 L0,4.5 L0,17.5 L0,57.5 L58,57.5 L58,17.5 L58,4.5 L42.899,4.5 Z M56,55.5 L2,55.5 L2,17.5 L56,17.5 L56,55.5 Z\" id=\"Shape\"></path><path d=\"M26,2.5 C27.654,2.5 29,3.846 29,5.5 C29,7.154 27.654,8.5 26,8.5 C25.447,8.5 25,8.947 25,9.5 C25,10.053 25.447,10.5 26,10.5 C28.757,10.5 31,8.257 31,5.5 C31,2.743 28.757,0.5 26,0.5 C25.447,0.5 25,0.947 25,1.5 C25,2.053 25.447,2.5 26,2.5 Z\" id=\"Shape\"></path><path d=\"M32,2.5 C33.654,2.5 35,3.846 35,5.5 C35,7.154 33.654,8.5 32,8.5 C31.447,8.5 31,8.947 31,9.5 C31,10.053 31.447,10.5 32,10.5 C34.757,10.5 37,8.257 37,5.5 C37,2.743 34.757,0.5 32,0.5 C31.447,0.5 31,0.947 31,1.5 C31,2.053 31.447,2.5 32,2.5 Z\" id=\"Shape\"></path><circle id=\"Oval\" cx=\"22\" cy=\"24.5\" r=\"1\"></circle><circle id=\"Oval\" cx=\"29\" cy=\"24.5\" r=\"1\"></circle><circle id=\"Oval\" cx=\"36\" cy=\"24.5\" r=\"1\"></circle><circle id=\"Oval\" cx=\"43\" cy=\"24.5\" r=\"1\"></circle><circle id=\"Oval\" cx=\"50\" cy=\"24.5\" r=\"1\"></circle><circle id=\"Oval\" cx=\"8\" cy=\"32.5\" r=\"1\"></circle><circle id=\"Oval\" cx=\"15\" cy=\"32.5\" r=\"1\"></circle><circle id=\"Oval\" cx=\"22\" cy=\"32.5\" r=\"1\"></circle><circle id=\"Oval\" cx=\"29\" cy=\"32.5\" r=\"1\"></circle><circle id=\"Oval\" cx=\"36\" cy=\"32.5\" r=\"1\"></circle><circle id=\"Oval\" cx=\"43\" cy=\"32.5\" r=\"1\"></circle><circle id=\"Oval\" cx=\"50\" cy=\"32.5\" r=\"1\"></circle><circle id=\"Oval\" cx=\"8\" cy=\"39.5\" r=\"1\"></circle><circle id=\"Oval\" cx=\"15\" cy=\"39.5\" r=\"1\"></circle><circle id=\"Oval\" cx=\"22\" cy=\"39.5\" r=\"1\"></circle><circle id=\"Oval\" cx=\"29\" cy=\"39.5\" r=\"1\"></circle><circle id=\"Oval\" cx=\"36\" cy=\"39.5\" r=\"1\"></circle><circle id=\"Oval\" cx=\"43\" cy=\"39.5\" r=\"1\"></circle><circle id=\"Oval\" cx=\"50\" cy=\"39.5\" r=\"1\"></circle><circle id=\"Oval\" cx=\"8\" cy=\"47.5\" r=\"1\"></circle><circle id=\"Oval\" cx=\"15\" cy=\"47.5\" r=\"1\"></circle><circle id=\"Oval\" cx=\"22\" cy=\"47.5\" r=\"1\"></circle><circle id=\"Oval\" cx=\"29\" cy=\"47.5\" r=\"1\"></circle><circle id=\"Oval\" cx=\"36\" cy=\"47.5\" r=\"1\"></circle></g></g></svg></i></div></div><div class=\"datepicker-calendar\" *ngIf=\"opened\"><div class=\"datepicker-calendar-top\"><span class=\"year-title\">{{ currentDate.format('YYYY') }}</span> <button type=\"button\" (click)=\"openYearPicker()\" *ngIf=\"!yearPicker\">{{options.selectYearText}}</button> <i class=\"close\" (click)=\"close()\"><svg width=\"350px\" height=\"349px\" viewBox=\"-1 0 350 349\" version=\"1.1\"><g id=\"delete\" stroke=\"none\" stroke-width=\"1\" fill=\"none\" fill-rule=\"evenodd\"><path d=\"M336.559,68.611 L231.016,174.165 L336.559,279.714 C352.258,295.419 352.258,320.859 336.559,336.564 C328.715,344.408 318.431,348.333 308.152,348.333 C297.856,348.333 287.571,344.414 279.733,336.564 L174.167,231.003 L68.609,336.563 C60.766,344.407 50.481,348.332 40.193,348.332 C29.908,348.332 19.63,344.413 11.78,336.563 C-3.919,320.865 -3.919,295.424 11.78,279.713 L117.32,174.164 L11.774,68.611 C-3.925,52.912 -3.925,27.466 11.774,11.767 C27.47,-3.92 52.901,-3.92 68.603,11.767 L174.166,117.321 L279.721,11.767 C295.426,-3.92 320.86,-3.92 336.553,11.767 C352.258,27.466 352.258,52.912 336.559,68.611 Z\" id=\"Shape\" fill=\"#000000\" fill-rule=\"nonzero\"></path></g></svg></i></div><div class=\"datepicker-calendar-container\"><div *ngIf=\"!yearPicker\"><div class=\"datepicker-calendar-month-section\"><i (click)=\"prevMonth()\"><svg width=\"190px\" height=\"306px\" viewBox=\"58 0 190 306\" version=\"1.1\"><g id=\"keyboard-left-arrow-button\" stroke=\"none\" stroke-width=\"1\" fill=\"none\" fill-rule=\"evenodd\" transform=\"translate(58.000000, 0.000000)\"><g id=\"chevron-left\" fill-rule=\"nonzero\" fill=\"#000000\"><polygon id=\"Shape\" points=\"189.35 35.7 153.65 0 0.65 153 153.65 306 189.35 270.3 72.05 153\"></polygon></g></g></svg> </i><span class=\"month-title\">{{ currentDate.lang(options.locale).format('MMMM') }}</span> <i (click)=\"nextMonth()\"><svg width=\"190px\" height=\"306px\" viewBox=\"58 0 190 306\" version=\"1.1\"><g id=\"keyboard-right-arrow-button\" stroke=\"none\" stroke-width=\"1\" fill=\"none\" fill-rule=\"evenodd\" transform=\"translate(58.000000, 0.000000)\"><g id=\"chevron-right\" fill-rule=\"nonzero\" fill=\"#000000\"><polygon id=\"Shape\" points=\"36.35 0 0.65 35.7 117.95 153 0.65 270.3 36.35 306 189.35 153\"></polygon></g></g></svg></i></div><div class=\"datepicker-calendar-day-names\"><span *ngFor=\"let i of [0,1,2,3,4,5,6]\">{{ nameOfweekday(i)}}</span></div><div class=\"datepicker-calendar-days-container\"><span class=\"day\" *ngFor=\"let d of days; let i = index\" (click)=\"selectDate($event, d.momentObj)\" [ngClass]=\"{ 'disabled': !d.enabled, 'today': d.today, 'selected': d.selected }\">{{ d.day }}</span></div><div class=\"datepicker-buttons\" *ngIf=\"!options.autoApply\"><button type=\"button\" class=\"a-button u-is-secondary u-is-small\" (click)=\"clear()\">{{options.clearText}}</button> <button type=\"button\" class=\"a-button u-is-primary u-is-small\" (click)=\"today()\">{{options.todayText}}</button></div></div><div *ngIf=\"yearPicker\"><div class=\"datepicker-calendar-years-container\" slimScroll [options]=\"scrollOptions\"><span class=\"year\" *ngFor=\"let y of years; let i = index\" (click)=\"selectYear($event, y)\">{{ y }}</span></div></div></div></div></div>","styles":[".datepicker-container{display:inline-block;position:relative}.datepicker-container .datepicker-input-container{display:inline-block;background:0 0}.datepicker-container .datepicker-input-container .datepicker-input{display:inline-block;width:160px;margin-right:10px;border:0;outline:0;border-bottom:1px solid #ced4da;font-size:14px;color:#000;text-align:center}.datepicker-container .datepicker-input-container .datepicker-input::-webkit-input-placeholder{color:#343a40}.datepicker-container .datepicker-input-container .datepicker-input::-moz-placeholder{color:#343a40}.datepicker-container .datepicker-input-container .datepicker-input:-ms-input-placeholder{color:#343a40}.datepicker-container .datepicker-input-container .datepicker-input:-moz-placeholder{color:#343a40}.datepicker-container .datepicker-input-container .datepicker-input-icon{display:inline-block}.datepicker-container .datepicker-calendar .datepicker-calendar-container .datepicker-calendar-month-section i,.datepicker-container .datepicker-input-container .datepicker-input-icon i{cursor:pointer}.datepicker-container .datepicker-input-container .datepicker-input-icon i svg{width:15px;height:15px}.datepicker-container .datepicker-input-container .datepicker-input-icon i svg g g{fill:#000}.datepicker-container .datepicker-calendar{-webkit-touch-callout:none;-webkit-user-select:none;-moz-user-select:none;-ms-user-select:none;user-select:none;width:250px;top:40px;position:absolute;z-index:99;background:#fff;border-bottom-left-radius:4px;border-bottom-right-radius:4px;-webkit-box-shadow:0 2px 5px rgba(0,0,0,.5);box-shadow:0 2px 5px rgba(0,0,0,.5)}.datepicker-container .datepicker-calendar .datepicker-calendar-top{width:100%;height:80px;background:#000;display:inline-block;position:relative}.datepicker-container .datepicker-calendar .datepicker-calendar-top .year-title{display:block;margin-top:12px;color:#fff;font-size:28px;text-align:center}.datepicker-container .datepicker-calendar .datepicker-calendar-top button{width:200px;white-space:nowrap;overflow:hidden;text-overflow:ellipsis;display:block;margin:0 auto;color:#fff;text-transform:uppercase;background:0 0;border:0;outline:0;font-size:12px;cursor:pointer;position:relative}.datepicker-container .datepicker-calendar .datepicker-calendar-top button svg{display:block;float:left;width:15px;height:15px;position:absolute;top:2px;left:12px}.datepicker-container .datepicker-calendar .datepicker-calendar-top .close svg g path,.datepicker-container .datepicker-calendar .datepicker-calendar-top button svg g,.datepicker-container .datepicker-calendar .datepicker-calendar-top button svg g path,.datepicker-container svg g,.datepicker-container svg g g{fill:#fff}.datepicker-container .datepicker-calendar .datepicker-calendar-top .close{position:absolute;top:5px;right:5px;font-size:20px;color:#fff;cursor:pointer}.datepicker-container .datepicker-calendar .datepicker-calendar-top .close svg{width:12px;height:12px}.datepicker-container .datepicker-calendar .datepicker-calendar-container{display:inline-block;width:100%;padding:10px;background:#222628}.datepicker-container .datepicker-calendar .datepicker-calendar-container .datepicker-calendar-month-section{width:100%;display:-webkit-box;display:-ms-flexbox;display:flex;-webkit-box-pack:justify;-ms-flex-pack:justify;justify-content:space-between;font-size:14px;color:#ddd;text-transform:uppercase}.datepicker-container .datepicker-calendar .datepicker-calendar-container .datepicker-calendar-month-section i:first-child{margin-left:12px}.datepicker-container .datepicker-calendar .datepicker-calendar-container .datepicker-calendar-month-section i:last-child{margin-right:12px}.datepicker-container .datepicker-calendar .datepicker-calendar-container .datepicker-calendar-day-names{width:230px;margin-top:10px;display:inline-block;border:1px solid transparent}.datepicker-container .datepicker-calendar .datepicker-calendar-container .datepicker-calendar-day-names span{font-size:12px;display:block;float:left;width:calc(100%/7);text-align:center}.datepicker-container .datepicker-calendar .datepicker-calendar-container .datepicker-calendar-days-container{width:230px;margin-top:5px;display:inline-block;border:1px solid transparent}.datepicker-container .datepicker-calendar .datepicker-calendar-container .datepicker-calendar-days-container .day{display:-webkit-box;display:-ms-flexbox;display:flex;-webkit-box-pack:center;-ms-flex-pack:center;justify-content:center;-webkit-box-align:center;-ms-flex-align:center;align-items:center;float:left;font-size:14px;color:#8e8e8e;width:calc(100%/7);height:33px;text-align:center;border-radius:50%;cursor:pointer}.datepicker-container .datepicker-calendar .datepicker-calendar-container .datepicker-calendar-days-container .day.selected,.datepicker-container .datepicker-calendar .datepicker-calendar-container .datepicker-calendar-days-container .day:hover:not(.disabled){background:#222628;border:1px solid #366aab;border-radius:4px}.datepicker-container .datepicker-calendar .datepicker-calendar-container .datepicker-calendar-days-container .day.disabled{pointer-events:none}.datepicker-container .datepicker-calendar .datepicker-calendar-container .datepicker-calendar-days-container .day.today{color:#366aab}.datepicker-container .datepicker-calendar .datepicker-calendar-container .datepicker-calendar-years-container{width:100%;height:240px}.datepicker-container .datepicker-calendar .datepicker-calendar-container .datepicker-calendar-years-container .year{display:-webkit-box;display:-ms-flexbox;display:flex;-webkit-box-pack:center;-ms-flex-pack:center;justify-content:center;-webkit-box-align:center;-ms-flex-align:center;align-items:center;float:left;font-size:14px;color:#8e8e8e;width:calc(100%/4);height:50px;text-align:center;border-radius:50%;cursor:pointer}.datepicker-container .datepicker-calendar .datepicker-calendar-container .datepicker-calendar-years-container .year.selected,.datepicker-container .datepicker-calendar .datepicker-calendar-container .datepicker-calendar-years-container .year:hover{background:#222628;border:1px solid #366aab;border-radius:4px}.datepicker-container .datepicker-calendar .datepicker-calendar-container .datepicker-buttons{width:235px;display:-webkit-box;display:-ms-flexbox;display:flex;-webkit-box-pack:center;-ms-flex-pack:center;justify-content:center}.datepicker-container .datepicker-calendar .datepicker-calendar-container .datepicker-buttons button{width:100%;outline:0;display:inline-block;background:#099268;color:#fff;margin-right:5px;cursor:pointer;text-align:center;padding:5px 10px;border:1px solid #366aab;border-radius:4px}.datepicker-container .datepicker-calendar .datepicker-calendar-container .datepicker-buttons button.u-is-primary{background:#366aab}.datepicker-container .datepicker-calendar .datepicker-calendar-container .datepicker-buttons button.u-is-primary:active{background:#222628}.datepicker-container .datepicker-calendar .datepicker-calendar-container .datepicker-buttons button.u-is-secondary{background:#222628;color:#099268}.datepicker-container .datepicker-calendar .datepicker-calendar-container .datepicker-buttons button.u-is-secondary:active{background:#366aab;color:#ddd}.datepicker-container .datepicker-calendar .datepicker-calendar-container .datepicker-buttons button.u-is-secondary:hover{color:#fff}.datepicker-container svg{display:block;width:20px;height:20px}"],"providers":[{"__symbolic":"reference","name":"CALENDAR_VALUE_ACCESSOR"}]}]}],"members":{"options":[{"__symbolic":"property","decorators":[{"__symbolic":"call","expression":{"__symbolic":"reference","module":"@angular/core","name":"Input"}}]}],"inputEvents":[{"__symbolic":"property","decorators":[{"__symbolic":"call","expression":{"__symbolic":"reference","module":"@angular/core","name":"Input"}}]}],"outputEvents":[{"__symbolic":"property","decorators":[{"__symbolic":"call","expression":{"__symbolic":"reference","module":"@angular/core","name":"Output"}}]}],"nameOfweekday":[{"__symbolic":"method"}],"__ctor__":[{"__symbolic":"constructor","parameterDecorators":[[{"__symbolic":"call","expression":{"__symbolic":"reference","module":"@angular/core","name":"Inject"},"arguments":[{"__symbolic":"reference","module":"@angular/core","name":"ElementRef"}]}]],"parameters":[{"__symbolic":"reference","module":"@angular/core","name":"ElementRef"}]}],"ngOnInit":[{"__symbolic":"method"}],"generateCalendar":[{"__symbolic":"method"}],"selectDate":[{"__symbolic":"method"}],"selectYear":[{"__symbolic":"method"}],"generateYears":[{"__symbolic":"method"}],"writeValue":[{"__symbolic":"method"}],"registerOnChange":[{"__symbolic":"method"}],"registerOnTouched":[{"__symbolic":"method"}],"prevMonth":[{"__symbolic":"method"}],"nextMonth":[{"__symbolic":"method"}],"today":[{"__symbolic":"method"}],"toggle":[{"__symbolic":"method"}],"open":[{"__symbolic":"method"}],"close":[{"__symbolic":"method"}],"onOpen":[{"__symbolic":"method"}],"openYearPicker":[{"__symbolic":"method"}],"clear":[{"__symbolic":"method"}]}}}},{"__symbolic":"module","version":1,"metadata":{"DateModel":{"__symbolic":"class","members":{"__ctor__":[{"__symbolic":"constructor","parameters":[{"__symbolic":"error","message":"Could not resolve type","line":31,"character":20,"context":{"typeName":"IDateModel"}}]}]}},"DatePickerOptions":{"__symbolic":"class","members":{"__ctor__":[{"__symbolic":"constructor","parameters":[{"__symbolic":"error","message":"Could not resolve type","line":67,"character":20,"context":{"typeName":"IDatePickerOptions"}}]}]}},"CALENDAR_VALUE_ACCESSOR":{"provide":{"__symbolic":"reference","module":"@angular/forms","name":"NG_VALUE_ACCESSOR"},"useExisting":{"__symbolic":"reference","name":"DatePickerComponent"},"multi":true},"DatePickerComponent":{"__symbolic":"class","decorators":[{"__symbolic":"call","expression":{"__symbolic":"reference","module":"@angular/core","name":"Component"},"arguments":[{"selector":"ng2-datepicker","template":"<div class=\"datepicker-container u-is-unselectable\"><div class=\"datepicker-input-container\"><input class=\"datepicker-input\" [(ngModel)]=\"date.formatted\"><div class=\"datepicker-input-icon\" (click)=\"toggle()\"><i><svg width=\"58px\" height=\"58px\" viewBox=\"0 0 58 58\" version=\"1.1\"><g id=\"calendar\" stroke=\"none\" stroke-width=\"1\" fill=\"none\" fill-rule=\"evenodd\"><g id=\"Group\" fill-rule=\"nonzero\" fill=\"#000000\"><path d=\"M42.899,4.5 C42.434,2.221 40.415,0.5 38,0.5 C37.447,0.5 37,0.947 37,1.5 C37,2.053 37.447,2.5 38,2.5 C39.654,2.5 41,3.846 41,5.5 C41,7.154 39.654,8.5 38,8.5 C37.447,8.5 37,8.947 37,9.5 C37,10.053 37.447,10.5 38,10.5 C40.414,10.5 42.434,8.779 42.899,6.5 L56,6.5 L56,15.5 L2,15.5 L2,6.5 L16,6.5 L19,6.5 C19.553,6.5 20,6.053 20,5.5 C20,4.947 19.553,4.5 19,4.5 L17.184,4.5 C17.598,3.338 18.698,2.5 20,2.5 C21.654,2.5 23,3.846 23,5.5 C23,7.154 21.654,8.5 20,8.5 C19.447,8.5 19,8.947 19,9.5 C19,10.053 19.447,10.5 20,10.5 C22.757,10.5 25,8.257 25,5.5 C25,2.743 22.757,0.5 20,0.5 C17.586,0.5 15.566,2.221 15.101,4.5 L0,4.5 L0,17.5 L0,57.5 L58,57.5 L58,17.5 L58,4.5 L42.899,4.5 Z M56,55.5 L2,55.5 L2,17.5 L56,17.5 L56,55.5 Z\" id=\"Shape\"></path><path d=\"M26,2.5 C27.654,2.5 29,3.846 29,5.5 C29,7.154 27.654,8.5 26,8.5 C25.447,8.5 25,8.947 25,9.5 C25,10.053 25.447,10.5 26,10.5 C28.757,10.5 31,8.257 31,5.5 C31,2.743 28.757,0.5 26,0.5 C25.447,0.5 25,0.947 25,1.5 C25,2.053 25.447,2.5 26,2.5 Z\" id=\"Shape\"></path><path d=\"M32,2.5 C33.654,2.5 35,3.846 35,5.5 C35,7.154 33.654,8.5 32,8.5 C31.447,8.5 31,8.947 31,9.5 C31,10.053 31.447,10.5 32,10.5 C34.757,10.5 37,8.257 37,5.5 C37,2.743 34.757,0.5 32,0.5 C31.447,0.5 31,0.947 31,1.5 C31,2.053 31.447,2.5 32,2.5 Z\" id=\"Shape\"></path><circle id=\"Oval\" cx=\"22\" cy=\"24.5\" r=\"1\"></circle><circle id=\"Oval\" cx=\"29\" cy=\"24.5\" r=\"1\"></circle><circle id=\"Oval\" cx=\"36\" cy=\"24.5\" r=\"1\"></circle><circle id=\"Oval\" cx=\"43\" cy=\"24.5\" r=\"1\"></circle><circle id=\"Oval\" cx=\"50\" cy=\"24.5\" r=\"1\"></circle><circle id=\"Oval\" cx=\"8\" cy=\"32.5\" r=\"1\"></circle><circle id=\"Oval\" cx=\"15\" cy=\"32.5\" r=\"1\"></circle><circle id=\"Oval\" cx=\"22\" cy=\"32.5\" r=\"1\"></circle><circle id=\"Oval\" cx=\"29\" cy=\"32.5\" r=\"1\"></circle><circle id=\"Oval\" cx=\"36\" cy=\"32.5\" r=\"1\"></circle><circle id=\"Oval\" cx=\"43\" cy=\"32.5\" r=\"1\"></circle><circle id=\"Oval\" cx=\"50\" cy=\"32.5\" r=\"1\"></circle><circle id=\"Oval\" cx=\"8\" cy=\"39.5\" r=\"1\"></circle><circle id=\"Oval\" cx=\"15\" cy=\"39.5\" r=\"1\"></circle><circle id=\"Oval\" cx=\"22\" cy=\"39.5\" r=\"1\"></circle><circle id=\"Oval\" cx=\"29\" cy=\"39.5\" r=\"1\"></circle><circle id=\"Oval\" cx=\"36\" cy=\"39.5\" r=\"1\"></circle><circle id=\"Oval\" cx=\"43\" cy=\"39.5\" r=\"1\"></circle><circle id=\"Oval\" cx=\"50\" cy=\"39.5\" r=\"1\"></circle><circle id=\"Oval\" cx=\"8\" cy=\"47.5\" r=\"1\"></circle><circle id=\"Oval\" cx=\"15\" cy=\"47.5\" r=\"1\"></circle><circle id=\"Oval\" cx=\"22\" cy=\"47.5\" r=\"1\"></circle><circle id=\"Oval\" cx=\"29\" cy=\"47.5\" r=\"1\"></circle><circle id=\"Oval\" cx=\"36\" cy=\"47.5\" r=\"1\"></circle></g></g></svg></i></div></div><div class=\"datepicker-calendar\" *ngIf=\"opened\"><div class=\"datepicker-calendar-top\"><span class=\"year-title\">{{ currentDate.format('YYYY') }}</span> <button type=\"button\" (click)=\"openYearPicker()\" *ngIf=\"!yearPicker\">{{options.selectYearText}}</button> <i class=\"close\" (click)=\"close()\"><svg width=\"350px\" height=\"349px\" viewBox=\"-1 0 350 349\" version=\"1.1\"><g id=\"delete\" stroke=\"none\" stroke-width=\"1\" fill=\"none\" fill-rule=\"evenodd\"><path d=\"M336.559,68.611 L231.016,174.165 L336.559,279.714 C352.258,295.419 352.258,320.859 336.559,336.564 C328.715,344.408 318.431,348.333 308.152,348.333 C297.856,348.333 287.571,344.414 279.733,336.564 L174.167,231.003 L68.609,336.563 C60.766,344.407 50.481,348.332 40.193,348.332 C29.908,348.332 19.63,344.413 11.78,336.563 C-3.919,320.865 -3.919,295.424 11.78,279.713 L117.32,174.164 L11.774,68.611 C-3.925,52.912 -3.925,27.466 11.774,11.767 C27.47,-3.92 52.901,-3.92 68.603,11.767 L174.166,117.321 L279.721,11.767 C295.426,-3.92 320.86,-3.92 336.553,11.767 C352.258,27.466 352.258,52.912 336.559,68.611 Z\" id=\"Shape\" fill=\"#000000\" fill-rule=\"nonzero\"></path></g></svg></i></div><div class=\"datepicker-calendar-container\"><div *ngIf=\"!yearPicker\"><div class=\"datepicker-calendar-month-section\"><i (click)=\"prevMonth()\"><svg width=\"190px\" height=\"306px\" viewBox=\"58 0 190 306\" version=\"1.1\"><g id=\"keyboard-left-arrow-button\" stroke=\"none\" stroke-width=\"1\" fill=\"none\" fill-rule=\"evenodd\" transform=\"translate(58.000000, 0.000000)\"><g id=\"chevron-left\" fill-rule=\"nonzero\" fill=\"#000000\"><polygon id=\"Shape\" points=\"189.35 35.7 153.65 0 0.65 153 153.65 306 189.35 270.3 72.05 153\"></polygon></g></g></svg> </i><span class=\"month-title\">{{ currentDate.lang(options.locale).format('MMMM') }}</span> <i (click)=\"nextMonth()\"><svg width=\"190px\" height=\"306px\" viewBox=\"58 0 190 306\" version=\"1.1\"><g id=\"keyboard-right-arrow-button\" stroke=\"none\" stroke-width=\"1\" fill=\"none\" fill-rule=\"evenodd\" transform=\"translate(58.000000, 0.000000)\"><g id=\"chevron-right\" fill-rule=\"nonzero\" fill=\"#000000\"><polygon id=\"Shape\" points=\"36.35 0 0.65 35.7 117.95 153 0.65 270.3 36.35 306 189.35 153\"></polygon></g></g></svg></i></div><div class=\"datepicker-calendar-day-names\"><span *ngFor=\"let i of [0,1,2,3,4,5,6]\">{{ nameOfweekday(i)}}</span></div><div class=\"datepicker-calendar-days-container\"><span class=\"day\" *ngFor=\"let d of days; let i = index\" (click)=\"selectDate($event, d.momentObj)\" [ngClass]=\"{ 'disabled': !d.enabled, 'today': d.today, 'selected': d.selected }\">{{ d.day }}</span></div><div class=\"datepicker-buttons\" *ngIf=\"!options.autoApply\"><button type=\"button\" class=\"a-button u-is-secondary u-is-small\" (click)=\"clear()\">{{options.clearText}}</button> <button type=\"button\" class=\"a-button u-is-primary u-is-small\" (click)=\"today()\">{{options.todayText}}</button></div></div><div *ngIf=\"yearPicker\"><div class=\"datepicker-calendar-years-container\" slimScroll [options]=\"scrollOptions\"><span class=\"year\" *ngFor=\"let y of years; let i = index\" (click)=\"selectYear($event, y)\">{{ y }}</span></div></div></div></div></div>","styles":[".datepicker-container{display:inline-block;position:relative}.datepicker-container .datepicker-input-container{display:inline-block;background:0 0}.datepicker-container .datepicker-input-container .datepicker-input{display:inline-block;width:160px;margin-right:10px;border:0;outline:0;border-bottom:1px solid #ced4da;font-size:14px;color:#000;text-align:center}.datepicker-container .datepicker-input-container .datepicker-input::-webkit-input-placeholder{color:#343a40}.datepicker-container .datepicker-input-container .datepicker-input::-moz-placeholder{color:#343a40}.datepicker-container .datepicker-input-container .datepicker-input:-ms-input-placeholder{color:#343a40}.datepicker-container .datepicker-input-container .datepicker-input:-moz-placeholder{color:#343a40}.datepicker-container .datepicker-input-container .datepicker-input-icon{display:inline-block}.datepicker-container .datepicker-calendar .datepicker-calendar-container .datepicker-calendar-month-section i,.datepicker-container .datepicker-input-container .datepicker-input-icon i{cursor:pointer}.datepicker-container .datepicker-input-container .datepicker-input-icon i svg{width:15px;height:15px}.datepicker-container .datepicker-input-container .datepicker-input-icon i svg g g{fill:#000}.datepicker-container .datepicker-calendar{-webkit-touch-callout:none;-webkit-user-select:none;-moz-user-select:none;-ms-user-select:none;user-select:none;width:250px;top:40px;position:absolute;z-index:99;background:#fff;border-bottom-left-radius:4px;border-bottom-right-radius:4px;-webkit-box-shadow:0 2px 5px rgba(0,0,0,.5);box-shadow:0 2px 5px rgba(0,0,0,.5)}.datepicker-container .datepicker-calendar .datepicker-calendar-top{width:100%;height:80px;background:#000;display:inline-block;position:relative}.datepicker-container .datepicker-calendar .datepicker-calendar-top .year-title{display:block;margin-top:12px;color:#fff;font-size:28px;text-align:center}.datepicker-container .datepicker-calendar .datepicker-calendar-top button{width:200px;white-space:nowrap;overflow:hidden;text-overflow:ellipsis;display:block;margin:0 auto;color:#fff;text-transform:uppercase;background:0 0;border:0;outline:0;font-size:12px;cursor:pointer;position:relative}.datepicker-container .datepicker-calendar .datepicker-calendar-top button svg{display:block;float:left;width:15px;height:15px;position:absolute;top:2px;left:12px}.datepicker-container .datepicker-calendar .datepicker-calendar-top .close svg g path,.datepicker-container .datepicker-calendar .datepicker-calendar-top button svg g,.datepicker-container .datepicker-calendar .datepicker-calendar-top button svg g path,.datepicker-container svg g,.datepicker-container svg g g{fill:#fff}.datepicker-container .datepicker-calendar .datepicker-calendar-top .close{position:absolute;top:5px;right:5px;font-size:20px;color:#fff;cursor:pointer}.datepicker-container .datepicker-calendar .datepicker-calendar-top .close svg{width:12px;height:12px}.datepicker-container .datepicker-calendar .datepicker-calendar-container{display:inline-block;width:100%;padding:10px;background:#222628}.datepicker-container .datepicker-calendar .datepicker-calendar-container .datepicker-calendar-month-section{width:100%;display:-webkit-box;display:-ms-flexbox;display:flex;-webkit-box-pack:justify;-ms-flex-pack:justify;justify-content:space-between;font-size:14px;color:#ddd;text-transform:uppercase}.datepicker-container .datepicker-calendar .datepicker-calendar-container .datepicker-calendar-month-section i:first-child{margin-left:12px}.datepicker-container .datepicker-calendar .datepicker-calendar-container .datepicker-calendar-month-section i:last-child{margin-right:12px}.datepicker-container .datepicker-calendar .datepicker-calendar-container .datepicker-calendar-day-names{width:230px;margin-top:10px;display:inline-block;border:1px solid transparent}.datepicker-container .datepicker-calendar .datepicker-calendar-container .datepicker-calendar-day-names span{font-size:12px;display:block;float:left;width:calc(100%/7);text-align:center}.datepicker-container .datepicker-calendar .datepicker-calendar-container .datepicker-calendar-days-container{width:230px;margin-top:5px;display:inline-block;border:1px solid transparent}.datepicker-container .datepicker-calendar .datepicker-calendar-container .datepicker-calendar-days-container .day{display:-webkit-box;display:-ms-flexbox;display:flex;-webkit-box-pack:center;-ms-flex-pack:center;justify-content:center;-webkit-box-align:center;-ms-flex-align:center;align-items:center;float:left;font-size:14px;color:#8e8e8e;width:calc(100%/7);height:33px;text-align:center;border-radius:50%;cursor:pointer}.datepicker-container .datepicker-calendar .datepicker-calendar-container .datepicker-calendar-days-container .day.selected,.datepicker-container .datepicker-calendar .datepicker-calendar-container .datepicker-calendar-days-container .day:hover:not(.disabled){background:#222628;border:1px solid #366aab;border-radius:4px}.datepicker-container .datepicker-calendar .datepicker-calendar-container .datepicker-calendar-days-container .day.disabled{pointer-events:none}.datepicker-container .datepicker-calendar .datepicker-calendar-container .datepicker-calendar-days-container .day.today{color:#366aab}.datepicker-container .datepicker-calendar .datepicker-calendar-container .datepicker-calendar-years-container{width:100%;height:240px}.datepicker-container .datepicker-calendar .datepicker-calendar-container .datepicker-calendar-years-container .year{display:-webkit-box;display:-ms-flexbox;display:flex;-webkit-box-pack:center;-ms-flex-pack:center;justify-content:center;-webkit-box-align:center;-ms-flex-align:center;align-items:center;float:left;font-size:14px;color:#8e8e8e;width:calc(100%/4);height:50px;text-align:center;border-radius:50%;cursor:pointer}.datepicker-container .datepicker-calendar .datepicker-calendar-container .datepicker-calendar-years-container .year.selected,.datepicker-container .datepicker-calendar .datepicker-calendar-container .datepicker-calendar-years-container .year:hover{background:#222628;border:1px solid #366aab;border-radius:4px}.datepicker-container .datepicker-calendar .datepicker-calendar-container .datepicker-buttons{width:235px;display:-webkit-box;display:-ms-flexbox;display:flex;-webkit-box-pack:center;-ms-flex-pack:center;justify-content:center}.datepicker-container .datepicker-calendar .datepicker-calendar-container .datepicker-buttons button{width:100%;outline:0;display:inline-block;background:#099268;color:#fff;margin-right:5px;cursor:pointer;text-align:center;padding:5px 10px;border:1px solid #366aab;border-radius:4px}.datepicker-container .datepicker-calendar .datepicker-calendar-container .datepicker-buttons button.u-is-primary{background:#366aab}.datepicker-container .datepicker-calendar .datepicker-calendar-container .datepicker-buttons button.u-is-primary:active{background:#222628}.datepicker-container .datepicker-calendar .datepicker-calendar-container .datepicker-buttons button.u-is-secondary{background:#222628;color:#099268}.datepicker-container .datepicker-calendar .datepicker-calendar-container .datepicker-buttons button.u-is-secondary:active{background:#366aab;color:#ddd}.datepicker-container .datepicker-calendar .datepicker-calendar-container .datepicker-buttons button.u-is-secondary:hover{color:#fff}.datepicker-container svg{display:block;width:20px;height:20px}"],"providers":[{"__symbolic":"reference","name":"CALENDAR_VALUE_ACCESSOR"}]}]}],"members":{"options":[{"__symbolic":"property","decorators":[{"__symbolic":"call","expression":{"__symbolic":"reference","module":"@angular/core","name":"Input"}}]}],"inputEvents":[{"__symbolic":"property","decorators":[{"__symbolic":"call","expression":{"__symbolic":"reference","module":"@angular/core","name":"Input"}}]}],"outputEvents":[{"__symbolic":"property","decorators":[{"__symbolic":"call","expression":{"__symbolic":"reference","module":"@angular/core","name":"Output"}}]}],"nameOfweekday":[{"__symbolic":"method"}],"__ctor__":[{"__symbolic":"constructor","parameterDecorators":[[{"__symbolic":"call","expression":{"__symbolic":"reference","module":"@angular/core","name":"Inject"},"arguments":[{"__symbolic":"reference","module":"@angular/core","name":"ElementRef"}]}]],"parameters":[{"__symbolic":"reference","module":"@angular/core","name":"ElementRef"}]}],"ngOnInit":[{"__symbolic":"method"}],"generateCalendar":[{"__symbolic":"method"}],"selectDate":[{"__symbolic":"method"}],"selectYear":[{"__symbolic":"method"}],"generateYears":[{"__symbolic":"method"}],"writeValue":[{"__symbolic":"method"}],"registerOnChange":[{"__symbolic":"method"}],"registerOnTouched":[{"__symbolic":"method"}],"prevMonth":[{"__symbolic":"method"}],"nextMonth":[{"__symbolic":"method"}],"today":[{"__symbolic":"method"}],"toggle":[{"__symbolic":"method"}],"open":[{"__symbolic":"method"}],"close":[{"__symbolic":"method"}],"onOpen":[{"__symbolic":"method"}],"openYearPicker":[{"__symbolic":"method"}],"clear":[{"__symbolic":"method"}]}}}}]