category,cities,currency,primerentm,primerentm_ocur,primerentgro,primeyieldfr,PrimeRentalShift
Industrial,Amsterdam,EUR,85,,0,6.2,-25
Industrial,Berlin,EUR,56,,0,6.5,-35
Industrial,Brussels,EUR,55,,0,7,0
Industrial,Frankfurt/M,EUR,72,,0,6.1,-25
Industrial,London,EUR*,186,GBP 145,3.8,4.75,0
Industrial,Madrid,EUR,55,,0,7.25,-75
Industrial,Milan,EUR,48,,0,7.8,0
Industrial,Moscow,EUR*,105,USD 132,-2.2,11.25,25
Industrial,Paris,EUR,52,,0,7,0
Industrial,Stockholm,EUR*,96,SEK 875,0,6.5,0
Industrial,Warsaw,EUR,43,,0,7,-25
Office,Amsterdam,EUR,345,,3,5.45,0
Office,Berlin,EUR,264,,0,4.6,0
Office,Brussels,EUR,275,,-3.5,5.75,0
Office,Frankfurt/M,EUR,420,,0,4.65,-5
Office,London,EUR*,1450,"GBP 1,130",0,3.75,0
Office,Madrid,EUR,300,,2,5,-25
Office,Milan,EUR,300,,4.4,4.8,-35
Office,Moscow,EUR*,871,"USD 1,100",0,9.5,50
Office,Paris,EUR,740,,0,4,0
Office,Stockholm,EUR*,494,"SEK 4,500",0,4,0
Office,Warsaw,EUR,288,,0,6,0
Retail,Amsterdam,EUR,3000,,-1.6,3.65,0
Retail,Berlin,EUR,3360,,0,4,-25
Retail,Brussels,EUR,1850,,0,4,0
Retail,Frankfurt/M,EUR,3600,,0,4,-10
Retail,London,EUR*,12681,"GBP 9,881",0,2.25,0
Retail,Madrid,EUR,2640,,0,5.05,-30
Retail,Milan,EUR,3650,,0,4.9,-10
Retail,Moscow,EUR*,4354,"USD 5,500",0,11,0
Retail,Paris,EUR,18000,,0,3.8,0
Retail,Stockholm,EUR*,2065,"SEK 18,800",1.6,4.75,0
Retail,Warsaw,EUR,1080,,0,5.5,0
