category,cities,currency,primerentm,primerentm_ocur,primerentgro,primeyieldfr,PrimeRentalShift
Industrial,Amsterdam,EUR,85,,0.0,6.20,-25
Industrial,Antwerp,EUR,47,,0.0,7.00,0
Industrial,Barcelona,EUR,75,,0.0,7.25,-75
Industrial,Belgrade,EUR,66,,10.0,10.25,0
Industrial,Berlin,EUR,56,,0.0,6.50,-35
Industrial,Birmingham,EUR*,82,GBP 64,3.5,5.50,0
Industrial,Bratislava,EUR,50,,7.7,8.25,-25
Industrial,Brussels,EUR,55,,0.0,7.00,0
Industrial,Bucharest,EUR,48,,0.0,9.75,-25
Industrial,Budapest,EUR,46,,0.0,9.25,0
Industrial,Copenhagen,EUR*,74,DKK 550,0.0,7.25,0
Industrial,Dublin,EUR,65,,0.0,8.00,0
Industrial,Dusseldorf,EUR,65,,0.0,6.15,-20
Industrial,Edinburgh,EUR*,76,GBP 59,0.0,6.00,-25
Industrial,Frankfurt/M,EUR,72,,0.0,6.10,-25
Industrial,Geneva,EUR*,0,0 0,0.0,0.0,0
Industrial,Glasgow,EUR*,73,GBP 57,0.0,6.00,-25
Industrial,Hamburg,EUR,67,,0.0,6.15,-20
Industrial,Helsinki,EUR,96,,0.0,7.00,-25
Industrial,Istanbul,EUR,60,,0.0,9.00,0
Industrial,Johannesburg,EUR*,51,ZAR 732,5.2,8.00,0
Industrial,Kiev,EUR*,67,USD 84,0.0,15.00,0
Industrial,Leeds,EUR*,73,GBP 57,0.0,5.75,0
Industrial,Lisbon,EUR,42,,0.0,8.25,-50
Industrial,London,EUR*,186,GBP 145,3.8,4.75,0
Industrial,Luxembourg,EUR,72,,0.0,7.00,0
Industrial,Lyon,EUR,46,,0.0,7.00,0
Industrial,Madrid,EUR,55,,0.0,7.25,-75
Industrial,Manchester,EUR*,73,GBP 57,0.0,6.00,0
Industrial,Milan,EUR,48,,0.0,7.80,0
Industrial,Moscow,EUR*,105,USD 132,-2.2,11.25,25
Industrial,Munich,EUR,78,,1.6,6.15,-20
Industrial,Oslo,EUR*,148,"NOK 1,200",0.0,6.25,0
Industrial,Paris,EUR,52,,0.0,7.00,0
Industrial,Prague,EUR,48,,0.0,7.00,0
Industrial,Rome,EUR,52,,0.0,8.30,0
Industrial,Rotterdam,EUR,62,,0.0,6.25,-30
Industrial,Stockholm,EUR*,96,SEK 875,0.0,6.50,0
Industrial,Stuttgart,EUR,72,,0.0,6.55,-20
Industrial,The Hague,EUR,55,,0.0,7.70,0
Industrial,Utrecht,EUR,63,,0.0,6.40,-25
Industrial,Warsaw,EUR,43,,0.0,7.00,-25
Industrial,Zagreb,EUR,66,,0.0,9.25,0
Office,Amsterdam,EUR,345,,3.0,5.45,0
Office,Antwerp,EUR,145,,0.0,6.50,0
Office,Barcelona,EUR,210,,0.0,5.50,-50
Office,Belgrade,EUR,198,,6.5,9.00,0
Office,Berlin,EUR,264,,0.0,4.60,0
Office,Birmingham,EUR*,394,GBP 307,0.0,5.25,-50
Office,Bratislava,EUR,180,,0.0,7.00,0
Office,Brussels,EUR,275,,-3.5,5.75,0
Office,Bucharest,EUR,222,,0.0,8.00,-25
Office,Budapest,EUR,240,,0.0,7.30,-20
Office,Copenhagen,EUR*,235,"DKK 1,750",0.0,4.75,0
Office,Dublin,EUR,484,,0.0,5.00,-25
Office,Dusseldorf,EUR,318,,-3.6,4.60,0
Office,Edinburgh,EUR*,408,GBP 318,0.0,5.75,0
Office,Frankfurt/M,EUR,420,,0.0,4.65,-5
Office,Geneva,EUR*,766,CHF 925,0.0,3.60,0
Office,Glasgow,EUR*,394,GBP 307,0.0,5.75,0
Office,Hamburg,EUR,288,,0.0,4.40,-10
Office,Helsinki,EUR,306,,0.0,5.10,0
Office,Istanbul,EUR,420,,0.0,7.00,0
Office,Johannesburg,EUR*,177,"ZAR 2,520",0.0,8.25,0
Office,Kiev,EUR*,294,USD 372,-6.1,11.75,0
Office,Leeds,EUR*,345,GBP 269,0.0,5.25,-50
Office,Lisbon,EUR,219,,0.0,6.50,-50
Office,London,EUR*,1450,"GBP 1,130",0.0,3.75,0
Office,Luxembourg,EUR,504,,0.0,5.50,0
Office,Lyon,EUR,300,,-3.2,5.50,-15
Office,Madrid,EUR,300,,2.0,5.00,-25
Office,Manchester,EUR*,442,GBP 344,3.2,5.25,-25
Office,Milan,EUR,470,,4.4,4.80,-35
Office,Moscow,EUR*,871,"USD 1,100",0.0,9.50,50
Office,Munich,EUR,390,,0.0,4.30,0
Office,Oslo,EUR*,505,"NOK 4,100",0.0,5.00,0
Office,Paris,EUR,740,,0.0,4.00,0
Office,Prague,EUR,234,,0.0,6.00,0
Office,Rome,EUR,380,,-5.0,5.30,0
Office,Rotterdam,EUR,210,,0.0,5.75,0
Office,Stockholm,EUR*,494,"SEK 4,500",0.0,4.00,0
Office,Stuttgart,EUR,228,,0.0,4.70,0
Office,The Hague,EUR,200,,0.0,5.95,0
Office,Utrecht,EUR,215,,0.0,6.05,0
Office,Warsaw,EUR,288,,0.0,6.00,0
Office,Zagreb,EUR,180,,0.0,8.25,0
Office,Zurich,EUR*,684,CHF 825,0.0,3.20,0
Retail,Amsterdam,EUR,3000,,-1.6,3.65,0
Retail,Antwerp,EUR,1850,,0.0,4.00,0
Retail,Barcelona,EUR,2760,,2.2,5.05,-35
Retail,Belgrade,EUR,960,,0.0,8.25,0
Retail,Berlin,EUR,3360,,0.0,4.00,-25
Retail,Birmingham,EUR*,1149,GBP 896,0.0,5.00,-25
Retail,Bratislava,EUR,540,,0.0,7.00,0
Retail,Brussels,EUR,1850,,0.0,4.00,0
Retail,Bucharest,EUR,780,,0.0,n/a,n/a
Retail,Budapest,EUR,960,,6.7,7.25,0
Retail,Copenhagen,EUR*,2956,"DKK 22,000",0.0,4.50,0
Retail,Dublin,EUR,2225,,0.0,4.00,-125
Retail,Dusseldorf,EUR,3420,,0.0,4.00,0
Retail,Edinburgh,EUR*,1879,"GBP 1,464",4.2,4.50,-25
Retail,Frankfurt/M,EUR,3600,,0.0,4.00,-10
Retail,Geneva,0,0,0,0.0,0.0,0
Retail,Glasgow,EUR*,2348,"GBP 1,830",2.0,4.50,-25
Retail,Hamburg,EUR,3060,,0.0,4.10,0
Retail,Helsinki,EUR,2088,,0.0,5.20,0
Retail,Istanbul,EUR,2880,,0.0,6.00,0
Retail,Johannesburg,EUR*,0,"ZAR 2,520",0.0,0.0,0
Retail,Kiev,EUR*,0,USD 84,0.0,0.0,0
Retail,Leeds,EUR*,1401,"GBP 1,091",5.4,4.75,-25
Retail,Lisbon,EUR,1140,,0.0,6.25,-25
Retail,London,EUR*,12681,"GBP 9,881",0.0,2.25,0
Retail,Luxembourg,EUR,1500,,0.0,4.25,0
Retail,Lyon,EUR,2500,,0.0,4.50,-50
Retail,Madrid,EUR,2640,,0.0,5.05,-30
Retail,Manchester,EUR*,1796,"GBP 1,399",0.0,4.75,-25
Retail,Milan,EUR,3650,,0.0,4.90,-10
Retail,Moscow,EUR*,4354,"USD 5,500",0.0,11.00,0
Retail,Munich,EUR,4320,,0.0,3.60,0
Retail,Oslo,EUR*,2712,"NOK 22,000",0.0,5.00,0
Retail,Paris,EUR,18000,,0.0,3.80,0
Retail,Prague,EUR,2160,,0.0,5.00,0
Retail,Rome,EUR,3000,,0.0,5.15,-10
Retail,Rotterdam,EUR,1800,,0.0,4.00,0
Retail,Stockholm,EUR*,2065,"SEK 18,800",1.6,4.75,0
Retail,Stuttgart,EUR,2940,,0.0,4.15,0
Retail,The Hague,EUR,1400,,0.0,4.00,0
Retail,Utrecht,EUR,1650,,0.0,4.20,0
Retail,Warsaw,EUR,1080,,0.0,5.50,0
Retail,Zagreb,EUR,1020,,0.0,7.50,0
