category,cities,currency,primerentm,primerentm_ocur,primerentgro,primeyieldfr,PrimeRentalShift
Industrial,Amsterdam,EUR,85,,0,6.45,0
Industrial,Antwerp,EUR,47,,2.2,7,0
Industrial,Barcelona,EUR,75,,0,8,0
Industrial,Belgrade,EUR,60,,0,10.25,0
Industrial,Berlin,EUR,56,,0,6.85,-10
Industrial,Birmingham,EUR*,77,GBP 62,0,5.5,0
Industrial,Bratislava,EUR,47,,0,8.5,0
Industrial,Brussels,EUR,55,,0,7,0
Industrial,Bucharest,EUR,48,,0,10,0
Industrial,Budapest,EUR,46,,0,9.25,0
Industrial,Copenhagen,EUR*,74,DKK 550,0,7.25,0
Industrial,Dublin,EUR,65,,0,8,0
Industrial,Dusseldorf,EUR,65,,0,6.35,-10
Industrial,Edinburgh,EUR*,74,GBP 59,0,6.25,-25
Industrial,Frankfurt/M,EUR,72,,0,6.35,0
Industrial,Glasgow,EUR*,71,GBP 57,0,6.25,0
Industrial,Hamburg,EUR,67,,0,6.35,0
Industrial,Helsinki,EUR,96,,0,7.5,0
Industrial,Istanbul,EUR,60,,0,9,0
Industrial,Johannesburg,EUR*,48,ZAR 696,0,8,0
Industrial,Kiev,EUR*,61,USD 84,0,15,0
Industrial,Leeds,EUR*,71,GBP 57,0,5.75,-25
Industrial,Lisbon,EUR,42,,0,8.75,-25
Industrial,London,EUR*,175,GBP 140,0,4.75,-50
Industrial,Luxembourg,EUR,72,,2.9,7,-50
Industrial,Lyon,EUR,46,,0,7,0
Industrial,Madrid,EUR,55,,0,8,0
Industrial,Manchester,EUR*,71,GBP 57,0,6,-25
Industrial,Milan,EUR,48,,0,7.8,0
Industrial,Moscow,EUR*,99,USD 135,-3.6,11.25,25
Industrial,Munich,EUR,77,,0,6.35,0
Industrial,Oslo,EUR*,143,"NOK 1,200",0,6.25,-25
Industrial,Paris,EUR,52,,0,7,0
Industrial,Prague,EUR,48,,0,7,-50
Industrial,Rome,EUR,52,,0,8.3,0
Industrial,Rotterdam,EUR,62,,0,6.55,0
Industrial,Stockholm,EUR*,96,SEK 875,0,7,0
Industrial,Stuttgart,EUR,72,,0,6.75,-10
Industrial,The Hague,EUR,55,,0,7.7,0
Industrial,Utrecht,EUR,63,,0,6.65,0
Industrial,Warsaw,EUR,43,,0,7.25,0
Industrial,Zagreb,EUR,66,,0,9.25,0
Office,Amsterdam,EUR,335,,0,5.45,0
Office,Antwerp,EUR,145,,0,6.5,0
Office,Barcelona,EUR,210,,0,6,-25
Office,Belgrade,EUR,186,,0,9,0
Office,Berlin,EUR,264,,0,4.6,0
Office,Birmingham,EUR*,383,GBP 307,0,5.75,0
Office,Bratislava,EUR,180,,0,7,0
Office,Brussels,EUR,285,,0,5.75,-5
Office,Bucharest,EUR,222,,0,8.25,0
Office,Budapest,EUR,240,,0,7.5,0
Office,Copenhagen,EUR*,235,"DKK 1,750",0,4.75,-25
Office,Dublin,EUR,484,,7.1,5.25,0
Office,Dusseldorf,EUR,330,,0,4.6,-10
Office,Edinburgh,EUR*,397,GBP 318,0,5.75,0
Office,Frankfurt/M,EUR,420,,0,4.7,0
Office,Geneva,EUR*,762,CHF 925,0,3.6,0
Office,Glasgow,EUR*,376,GBP 301,0,5.75,0
Office,Hamburg,EUR,288,,0,4.5,0
Office,Helsinki,EUR,306,,0,5.1,0
Office,Istanbul,EUR,420,,0,7,0
Office,Johannesburg,EUR*,173,"ZAR 2,520",0,8.25,0
Office,Kiev,EUR*,289,USD 396,-2.9,11.75,0
Office,Leeds,EUR*,336,GBP 269,0,5.75,0
Office,Lisbon,EUR,219,,0,7,-25
Office,London,EUR*,1411,"GBP 1,130",0,3.75,0
Office,Luxembourg,EUR,504,,0,5.5,-25
Office,Lyon,EUR,310,,0,5.65,0
Office,Madrid,EUR,294,,1,5.25,-25
Office,Manchester,EUR*,417,GBP 334,0,5.5,-25
Office,Milan,EUR,450,,0,5.15,0
Office,Moscow,EUR*,803,"USD 1,100",0,9,0
Office,Munich,EUR,390,,3.2,4.3,0
Office,Oslo,EUR*,488,"NOK 4,100",2.5,5,-25
Office,Paris,EUR,735,,0,4,0
Office,Prague,EUR,234,,-2.5,6,0
Office,Rome,EUR,400,,0,5.3,0
Office,Rotterdam,EUR,210,,0,5.75,0
Office,Stockholm,EUR*,492,"SEK 4,500",0,4,0
Office,Stuttgart,EUR,228,,0,4.7,-10
Office,The Hague,EUR,200,,0,5.95,0
Office,Utrecht,EUR,215,,0,6.05,0
Office,Warsaw,EUR,288,,0,6,0
Office,Zagreb,EUR,180,,0,8.25,0
Office,Zurich,EUR*,679,CHF 825,0,3.2,0
Retail,Amsterdam,EUR,3050,,0,3.65,0
Retail,Antwerp,EUR,1850,,0,4,0
Retail,Barcelona,EUR,2700,,6.6,5.4,-30
Retail,Belgrade,EUR,960,,0,8.25,0
Retail,Berlin,EUR,3360,,0,4.25,0
Retail,Birmingham,EUR*,1118,GBP 896,0,5.25,-25
Retail,Bratislava,EUR,540,,0,7,0
Retail,Brussels,EUR,1850,,0,4,0
Retail,Bucharest,EUR,780,,0,n/a,n/a
Retail,Budapest,EUR,900,,0,7.25,0
Retail,Copenhagen,EUR*,2951,"DKK 22,000",0,4.5,0
Retail,Dublin,EUR,2225,,0,5.25,0
Retail,Dusseldorf,EUR,3420,,3.6,4,0
Retail,Edinburgh,EUR*,1691,"GBP 1,354",0,4.75,-25
Retail,Frankfurt/M,EUR,3600,,3.4,4.1,0
Retail,Glasgow,EUR*,2240,"GBP 1,793",0,4.75,-25
Retail,Hamburg,EUR,3060,,0,4.1,0
Retail,Helsinki,EUR,2088,,0,5.2,0
Retail,Istanbul,EUR,2880,,6.7,6,0
Retail,Leeds,EUR*,1293,"GBP 1,036",5.7,5,-25
Retail,Lisbon,EUR,1140,,0,6.5,-25
Retail,London,EUR*,12340,"GBP 9,881",3.8,2.25,0
Retail,Luxembourg,EUR,1620,,0,4.25,0
Retail,Lyon,EUR,2500,,0,5,0
Retail,Madrid,EUR,2640,,10,5.35,-30
Retail,Manchester,EUR*,1748,"GBP 1,399",0,5,-25
Retail,Milan,EUR,3650,,4.3,5,0
Retail,Moscow,EUR*,4017,"USD 5,500",-8.3,11,0
Retail,Munich,EUR,4320,,2.9,3.6,0
Retail,Oslo,EUR*,2619,"NOK 22,000",10,5,0
Retail,Paris,EUR,18000,,0,3.8,0
Retail,Prague,EUR,2160,,0,5,0
Retail,Rome,EUR,3000,,0,5.25,0
Retail,Rotterdam,EUR,1800,,0,4,0
Retail,Stockholm,EUR*,2021,"SEK 18,500",0,4.75,0
Retail,Stuttgart,EUR,2940,,2.1,4.15,0
Retail,The Hague,EUR,1400,,-3.4,4,0
Retail,Utrecht,EUR,1650,,0,4.2,0
Retail,Warsaw,EUR,1080,,-5.3,5.5,-25
Retail,Zagreb,EUR,1020,,0,7.5,0
